{"0": {"K": [112.5, 0.0, 80.0, 0.0, 0.0, 112.5, 60.0, 0.0, 0.0, 0.0, 1.0, 0.0, 0.0, 0.0, 0.0, 1.0], "W2C": [0.258819045, 0.965925826, 2.87346863e-17, 0.0309587028, 0.482962913, -0.129409523, -0.866025404, -0.00217052764, -0.836516304, 0.224143868, -0.5, 1.20375946, 0.0, 0.0, 0.0, 1.0], "img_size": [160, 120]}, "4": {"K": [112.5, 0.0, 80.0, 0.0, 0.0, 112.5, 60.0, 0.0, 0.0, 0.0, 1.0, 0.0, 0.0, 0.0, 0.0, 1.0], "W2C": [0.258819045, 0.965925826, -8.62040589e-17, 0.0309587028, 0.836516304, -0.224143868, -0.5, -0.453759464, -0.482962913, 0.129409523, -0.866025404, 1.30120863, 0.0, 0.0, 0.0, 1.0], "img_size": [160, 120]}}